Hour,Number of People,Predicted Power Usage (kWh)
0,50,51.38
1,40,50.565
2,35,40.0
3,30,40.0
4,25,40.0
5,20,40.0
6,20,40.0
7,30,40.0
8,40,50.565
9,60,51.38
10,70,50.672250000000005
11,80,50.672250000000005
12,85,50.672250000000005
13,90,65.60733333333333
14,85,50.672250000000005
15,80,50.672250000000005
16,70,50.672250000000005
17,65,51.05
18,60,51.38
19,55,51.38
20,50,51.38
21,45,51.38
22,40,50.565
23,35,40.0
